Date,Symbol,Open,High,Low,Close,Volume
2024-01-01 00:00:00,BTC,50965.81,55594.74,50746.08,53034.92,4089468
2024-01-02 00:00:00,BTC,51926.6,55347.24,49729.46,50971.03,1616124
2024-01-03 00:00:00,BTC,49823.0,53720.21,49817.37,51107.57,1337431
2024-01-04 00:00:00,BTC,51598.18,53058.01,49370.59,50893.91,1445454
2024-01-05 00:00:00,BTC,49533.26,56108.6,49533.26,53323.75,1817130
2024-01-08 00:00:00,BTC,53338.62,58715.86,53338.62,57617.78,2165251
2024-01-09 00:00:00,BTC,56862.56,60146.24,55286.73,58394.04,3928547
2024-01-10 00:00:00,BTC,58469.6,60525.65,56358.85,58371.18,6295367
2024-01-11 00:00:00,BTC,58512.0,64155.69,58512.0,64005.57,1404840
2024-01-12 00:00:00,BTC,64559.07,67961.76,63372.27,66964.7,1490594
2024-01-15 00:00:00,BTC,70659.37,74581.06,70273.4,74250.65,556544
2024-01-16 00:00:00,BTC,72373.76,73866.89,67503.64,70908.39,3565430
2024-01-17 00:00:00,BTC,71381.33,73972.22,69148.0,73158.09,2663003
2024-01-18 00:00:00,BTC,71148.57,78194.91,69679.46,74582.95,1785774
2024-01-19 00:00:00,BTC,76565.52,76565.52,69595.08,72158.84,2636645
2024-01-22 00:00:00,BTC,68141.42,74824.71,68141.42,72311.5,638173
2024-01-23 00:00:00,BTC,73216.12,77477.16,72903.68,75155.29,923555
2024-01-24 00:00:00,BTC,78483.85,78483.85,73320.1,77501.74,3099293
2024-01-25 00:00:00,BTC,78022.44,82192.98,78022.44,80768.81,2484982
2024-01-26 00:00:00,BTC,80219.33,86085.07,77329.4,78127.89,1418733
2024-01-29 00:00:00,BTC,82200.09,84583.97,77785.55,82055.66,1437600
2024-01-30 00:00:00,BTC,84531.24,84531.24,81090.75,81797.12,4311905
2024-01-01 00:00:00,COST,107.97,111.35,107.97,111.21,7541556
2024-01-02 00:00:00,COST,111.85,112.23,111.28,112.12,1100300
2024-01-03 00:00:00,COST,111.65,113.22,111.65,113.15,3709642
2024-01-04 00:00:00,COST,112.93,115.84,112.93,114.87,4351077
2024-01-05 00:00:00,COST,114.54,117.06,114.54,116.23,22813898
2024-01-08 00:00:00,COST,116.78,124.19,116.78,121.69,2376363
2024-01-09 00:00:00,COST,122.0,122.0,121.05,121.14,3514215
2024-01-10 00:00:00,COST,120.63,120.63,112.69,116.15,18489062
2024-01-11 00:00:00,COST,114.7,115.72,113.67,114.89,1255635
2024-01-12 00:00:00,COST,112.98,118.32,112.98,117.14,3903073
2024-01-15 00:00:00,COST,116.63,116.63,108.13,112.97,2739350
2024-01-16 00:00:00,COST,113.07,113.7,112.07,112.66,752248
2024-01-17 00:00:00,COST,112.93,112.93,111.87,111.88,228379
2024-01-18 00:00:00,COST,112.03,114.48,109.96,111.27,6759623
2024-01-19 00:00:00,COST,110.79,115.73,110.79,115.17,2872842
2024-01-22 00:00:00,COST,115.35,123.21,115.35,123.16,4656319
2024-01-23 00:00:00,COST,124.18,124.18,121.41,123.19,3997942
2024-01-24 00:00:00,COST,123.44,123.44,121.37,121.38,2036439
2024-01-25 00:00:00,COST,119.6,121.61,117.64,119.73,1718531
2024-01-26 00:00:00,COST,120.22,121.14,118.85,119.04,15208481
2024-01-29 00:00:00,COST,118.46,122.19,118.46,122.0,13016400
2024-01-30 00:00:00,COST,121.05,121.79,118.88,120.48,2357604
2024-01-31 00:00:00,COST,120.96,120.96,116.21,117.78,1188171
2024-01-01 00:00:00,ETH,2699.08,3137.95,2699.08,3005.51,181366
2024-01-02 00:00:00,ETH,3030.8,3030.8,2577.65,2637.74,2291537
2024-01-03 00:00:00,ETH,2594.82,2766.29,2197.47,2274.11,1101432
2024-01-04 00:00:00,ETH,2310.98,2633.4,2036.55,2345.02,3626378
2024-01-05 00:00:00,ETH,2406.08,2653.36,2224.22,2567.07,1786507
2024-01-08 00:00:00,ETH,2433.4,2867.58,2433.4,2824.48,10971573
2024-01-09 00:00:00,ETH,2770.89,3081.74,2770.89,2902.21,1659334
2024-01-10 00:00:00,ETH,2795.52,3024.61,2701.03,2978.33,1383516
2024-01-11 00:00:00,ETH,3056.86,3071.66,2735.36,2944.14,1675336
2024-01-12 00:00:00,ETH,2899.87,2964.54,2595.2,2833.04,1641890
2024-01-15 00:00:00,ETH,2877.02,3031.88,2753.15,2914.21,2994586
2024-01-16 00:00:00,ETH,2786.77,3065.98,2668.82,2671.37,1508798
2024-01-17 00:00:00,ETH,2764.89,2804.81,2478.08,2638.5,3834865
2024-01-18 00:00:00,ETH,2578.31,2722.71,2303.53,2655.15,5702889
2024-01-19 00:00:00,ETH,2551.88,2679.83,2438.65,2573.92,564747
2024-01-22 00:00:00,ETH,2505.83,2642.18,2330.7,2384.32,458183
2024-01-23 00:00:00,ETH,2357.81,2543.77,2223.67,2387.92,1257427
2024-01-24 00:00:00,ETH,2293.27,2492.79,2215.12,2471.02,441282
2024-01-25 00:00:00,ETH,2350.97,2614.09,2312.87,2401.93,2740050
2024-01-26 00:00:00,ETH,2446.5,2658.44,2339.8,2543.21,866803
2024-01-29 00:00:00,ETH,2433.81,2638.67,2364.23,2480.88,855250
2024-01-30 00:00:00,ETH,2514.81,2538.88,2354.87,2483.69,2820342
2024-01-01 00:00:00,JNJ,156.66,157.59,156.26,156.96,3326480
2024-01-02 00:00:00,JNJ,158.28,160.63,158.28,159.71,1957232
2024-01-03 00:00:00,JNJ,158.41,160.06,158.41,159.6,2663571
2024-01-04 00:00:00,JNJ,159.81,162.41,159.81,161.78,7763917
2024-01-05 00:00:00,JNJ,161.22,163.58,159.2,162.37,6473947
2024-01-08 00:00:00,JNJ,161.55,164.01,161.55,163.08,2929654
2024-01-09 00:00:00,JNJ,163.82,168.09,161.15,164.49,1497292
2024-01-10 00:00:00,JNJ,163.41,164.16,163.05,163.2,1033250
2024-01-11 00:00:00,JNJ,163.12,168.15,162.96,165.37,6411177
2024-01-12 00:00:00,JNJ,165.38,166.78,164.97,165.69,1333782
2024-01-15 00:00:00,JNJ,165.4,165.4,164.32,164.41,9043465
2024-01-16 00:00:00,JNJ,164.49,164.49,162.6,162.77,2495768
2024-01-17 00:00:00,JNJ,161.81,162.1,161.14,161.86,1488424
2024-01-18 00:00:00,JNJ,162.82,162.88,160.79,162.58,1999916
2024-01-19 00:00:00,JNJ,163.86,163.86,162.83,163.04,779696
2024-01-22 00:00:00,JNJ,163.44,164.4,159.76,161.22,2762138
2024-01-23 00:00:00,JNJ,161.88,166.56,161.88,164.53,8435022
2024-01-24 00:00:00,JNJ,164.36,166.02,162.95,164.57,1201026
2024-01-25 00:00:00,JNJ,165.6,165.6,162.9,164.09,4597519
2024-01-26 00:00:00,JNJ,163.01,167.55,162.27,165.04,15641570
2024-01-29 00:00:00,JNJ,163.73,166.04,163.73,165.99,6686046
2024-01-30 00:00:00,JNJ,166.22,166.58,166.22,166.46,3357929
2024-01-31 00:00:00,JNJ,166.42,166.42,164.3,164.99,3515902
2024-01-01 00:00:00,MSFT,195.47,215.52,195.47,208.73,3126595
2024-01-02 00:00:00,MSFT,208.88,218.17,208.88,218.04,8566710
2024-01-03 00:00:00,MSFT,217.65,221.85,217.65,221.28,2209596
2024-01-04 00:00:00,MSFT,219.81,223.62,219.81,222.72,498495
2024-01-05 00:00:00,MSFT,224.4,224.4,216.3,218.74,1278784
2024-01-08 00:00:00,MSFT,218.91,218.91,213.3,213.66,895385
2024-01-09 00:00:00,MSFT,212.43,217.71,208.07,213.14,3605634
2024-01-10 00:00:00,MSFT,213.66,213.66,208.75,209.55,3925063
2024-01-11 00:00:00,MSFT,207.11,211.41,207.11,211.4,1885266
2024-01-12 00:00:00,MSFT,211.12,211.12,207.18,207.99,22556514
2024-01-15 00:00:00,MSFT,208.43,208.43,200.63,202.2,8520123
2024-01-16 00:00:00,MSFT,199.01,203.43,199.01,203.03,473808
2024-01-17 00:00:00,MSFT,203.13,203.79,203.13,203.75,7025764
2024-01-18 00:00:00,MSFT,203.43,204.04,199.51,203.34,2457425
2024-01-19 00:00:00,MSFT,205.25,205.25,198.13,198.93,2265864
2024-01-22 00:00:00,MSFT,201.23,202.39,198.38,201.4,587121
2024-01-23 00:00:00,MSFT,199.76,204.43,195.47,199.57,1748937
2024-01-24 00:00:00,MSFT,197.03,205.84,197.03,205.71,9468428
2024-01-25 00:00:00,MSFT,204.16,204.16,203.73,203.8,4745827
2024-01-26 00:00:00,MSFT,202.48,209.72,200.51,201.69,2893446
2024-01-29 00:00:00,MSFT,203.04,203.04,193.4,194.91,8575048
2024-01-30 00:00:00,MSFT,192.33,200.59,191.55,195.21,9005586
2024-01-31 00:00:00,MSFT,195.63,195.63,191.21,192.08,5107059
2024-01-01 00:00:00,PG,182.53,186.03,182.53,184.71,4583683
2024-01-02 00:00:00,PG,183.05,187.96,181.9,185.98,1702138
2024-01-03 00:00:00,PG,186.95,187.27,186.35,187.09,1637847
2024-01-04 00:00:00,PG,187.7,190.73,187.7,189.38,1030972
2024-01-05 00:00:00,PG,188.78,188.78,186.74,186.83,7743682
2024-01-08 00:00:00,PG,187.0,189.74,183.33,184.96,9130694
2024-01-09 00:00:00,PG,184.86,187.78,184.86,187.72,23223445
2024-01-10 00:00:00,PG,188.51,188.51,185.26,185.52,1424325
2024-01-11 00:00:00,PG,184.94,185.92,184.13,185.14,4626539
2024-01-12 00:00:00,PG,185.96,191.5,185.06,187.87,3531620
2024-01-15 00:00:00,PG,188.8,190.45,186.18,187.77,50687181
2024-01-16 00:00:00,PG,187.13,187.13,185.14,185.58,1197355
2024-01-17 00:00:00,PG,186.27,186.27,185.12,185.25,6795511
2024-01-18 00:00:00,PG,184.33,187.02,181.17,185.35,1409905
2024-01-19 00:00:00,PG,184.08,186.67,183.4,183.62,7973239
2024-01-22 00:00:00,PG,182.35,182.35,176.64,180.21,4275690
2024-01-23 00:00:00,PG,180.61,180.61,176.15,177.95,4082606
2024-01-24 00:00:00,PG,177.62,177.62,174.76,174.87,5104011
2024-01-25 00:00:00,PG,173.83,180.36,173.83,178.28,10192249
2024-01-26 00:00:00,PG,178.79,178.79,174.89,175.27,5883085
2024-01-29 00:00:00,PG,174.75,177.11,174.75,177.05,160407679
2024-01-30 00:00:00,PG,177.78,180.86,177.78,180.66,9259932
2024-01-31 00:00:00,PG,180.93,182.04,178.04,180.13,7159513
2024-01-01 00:00:00,V,341.17,341.17,337.85,339.06,1529205
2024-01-02 00:00:00,V,339.12,339.12,330.6,334.83,2002777
2024-01-03 00:00:00,V,332.7,343.17,332.7,342.74,3809020
2024-01-04 00:00:00,V,342.8,344.43,342.8,343.47,2961404
2024-01-05 00:00:00,V,342.71,347.41,342.71,346.28,7244714
2024-01-08 00:00:00,V,348.19,348.19,342.72,343.67,2573753
2024-01-09 00:00:00,V,343.4,343.4,333.46,335.84,14059042
2024-01-10 00:00:00,V,335.06,337.63,335.06,336.15,5910576
2024-01-11 00:00:00,V,335.95,350.28,335.95,350.06,11973658
2024-01-12 00:00:00,V,349.51,349.51,345.78,346.02,695569
2024-01-15 00:00:00,V,345.46,345.46,342.22,343.12,826270
2024-01-16 00:00:00,V,342.7,342.7,335.22,338.27,18879606
2024-01-17 00:00:00,V,336.97,343.17,336.46,339.11,14367086
2024-01-18 00:00:00,V,341.28,341.28,335.67,335.74,15813831
2024-01-19 00:00:00,V,332.91,335.14,329.78,331.96,2880503
2024-01-22 00:00:00,V,333.41,333.41,321.01,325.87,8978810
2024-01-23 00:00:00,V,328.69,328.69,319.58,321.62,6249987
2024-01-24 00:00:00,V,320.57,320.57,318.08,319.47,1863716
2024-01-25 00:00:00,V,318.89,319.59,318.89,319.37,1428488
2024-01-26 00:00:00,V,318.75,320.06,316.03,319.6,2582422
2024-01-29 00:00:00,V,318.4,318.4,316.78,316.94,7212867
2024-01-30 00:00:00,V,315.83,315.83,311.66,313.59,3834626
2024-01-31 00:00:00,V,315.84,315.84,307.16,307.72,6225468
